{
  "hash": "260070d3",
  "configHash": "e6afd698",
  "lockfileHash": "86a4af24",
  "browserHash": "bb7aa2cd",
  "optimized": {
    "@angular/core": {
      "src": "../../../../../node_modules/@angular/core/fesm2022/core.mjs",
      "file": "@angular_core.js",
      "fileHash": "97730299",
      "needsInterop": false
    },
    "@angular/platform-browser": {
      "src": "../../../../../node_modules/@angular/platform-browser/fesm2022/platform-browser.mjs",
      "file": "@angular_platform-browser.js",
      "fileHash": "f18d3d8c",
      "needsInterop": false
    },
    "@angular/router": {
      "src": "../../../../../node_modules/@angular/router/fesm2022/router.mjs",
      "file": "@angular_router.js",
      "fileHash": "b5c12693",
      "needsInterop": false
    },
    "@angular/common": {
      "src": "../../../../../node_modules/@angular/common/fesm2022/common.mjs",
      "file": "@angular_common.js",
      "fileHash": "e2d2f773",
      "needsInterop": false
    }
  },
  "chunks": {
    "chunk-SL3F6S46": {
      "file": "chunk-SL3F6S46.js"
    },
    "chunk-ZQMYJ2Z5": {
      "file": "chunk-ZQMYJ2Z5.js"
    },
    "chunk-VOJBHTPI": {
      "file": "chunk-VOJBHTPI.js"
    }
  }
}